<?xml version="1.0" encoding="UTF-8"?>
<project-private xmlns="http://www.netbeans.org/ns/project-private/1">
    <editor-bookmarks xmlns="http://www.netbeans.org/ns/editor-bookmarks/2" lastBookmarkId="0"/>
    <open-files xmlns="http://www.netbeans.org/ns/projectui-open-files/2">
        <group>
            <file>file:/C:/Users/hallgato/Documents/Molnár%20Szabrina/halallabirintus/src/halallabirintus/Halallabirintus.java</file>
            <file>file:/C:/Users/hallgato/Documents/Molnár%20Szabrina/halallabirintus/src/halallabirintus/halallabirintusElagazas.java</file>
        </group>
        <group name="java"/>
    </open-files>
</project-private>
